Locus	Chrom	ReferenceAllele	AternativeAllele	global	asia
rs1490413	chr1	G	A	0.569592	0.475
rs1498553	chr11	C	T	0.47238	0.621
rs10495407	chr1	G	A	0.67795	0.684
rs1413212	chr1	T	C	0.32913	0.65
rs560681	chr1	A	G	0.693524	0.5986
rs891700	chr1	A	G	0.486748	0.4988
rs1109037	chr2	G	A	0.49838	0.618
rs12997453	chr2	A	G	0.40886	0.411
rs876724	chr2	C	T	0.71027	0.553
rs907100	chr2	G	C	0.683	0.92
rs993934	chr2	A	G	0.60934	0.5289
rs1355366	chr3	T	C	0.56472	0.838
rs1357617	chr3	A	T	0.28047	0.188
rs4364205	chr3	T	G	0.422169	0.4027
rs6444724	chr3	T	C	0.59866	0.637
rs1979255	chr4	C	G	0.36146	0.375
rs2046361	chr4	T	A	0.65876	0.589
rs6811238	chr4	T	G	0.48327	0.444
rs159606	chr5	A	G	0.34647	0.309
rs251934	chr5	A	G	0.6156	0.889
rs338882	chr5	G	A	0.50359	0.328
rs717302	chr5	G	A	0.49474	0.135
rs13218440	chr6	G	A	0.601586	0.6208
rs214955	chr6	C	T	0.529153	0.4633
rs727811	chr6	G	T	0.461139	0.37
rs321198	chr7	T	C	0.43025	0.37
rs737681	chr7	T	C	0.396754	0.133
rs917118	chr7	C	T	0.705379	0.7087
rs10092491	chr8	T	C	0.44435	0.409
rs2056277	chr8	C	T	0.750859	0.883
rs1015250	chr9	G	C	0.73235	0.527
rs10776839	chr9	G	T	0.552459	0.574
rs1360288	chr9	C	T	0.6921	0.596
rs1463729	chr9	C	T	0.425662	0.5603
rs7041158	chr9	C	T	0.66232	0.755
rs3780962	chr10	A	G	0.46591	0.53
rs735155	chr10	C	T	0.5831	0.154
rs740598	chr10	G	A	0.44779	0.83
rs826472	chr10	T	C	0.35519	0.144
rs964681	chr10	T	C	0.592019	0.6939
rs10488710	chr11	C	G	0.37291	0.348
rs2076848	chr11	A	T	0.62186	0.696
rs901398	chr11	C	T	0.3178	0.29
rs10773760	chr12	A	G	0.571972	0.653
rs2111980	chr12	T	C	0.461173	0.612
rs2269355	chr12	C	G	0.74702	0.88
rs1058083	chr13	A	G	0.358065	0.398
rs1335873	chr13	T	A	0.35416	0.348
rs1886510	chr13	G	A	0.506684	0.843
rs354439	chr13	A	T	0.56496	0.446
rs1454361	chr14	T	A	0.56983	0.527
rs4530059	chr14	G	A	0.68216	0.912
rs722290	chr14	G	C	0.63148	0.88
rs873196	chr14	C	T	0.37233	0.111
rs1528460	chr15	C	T	0.331586	0.366
rs1821380	chr15	C	G	0.5798	0.58
rs1382387	chr16	C	A	0.39185	0.52
rs2342747	chr16	A	G	0.314677	0.301
rs430046	chr16	C	T	0.590479	0.6321
rs729172	chr16	G	T	0.68669	0.939
rs740910	chr17	A	G	0.69562	0.922
rs938283	chr17	T	C	0.83648	0.778
rs9905977	chr17	A	G	0.31634	0.432
rs1024116	chr18	C	T	0.46252	0.898
rs1493232	chr18	C	A	0.36386	0.631
rs1736442	chr18	T	C	0.37226	0.377
rs9951171	chr18	G	A	0.562655	0.5379
rs576261	chr19	A	C	0.553712	0.57
rs719366	chr19	G	A	0.35039	0.212
rs1005533	chr20	G	A	0.4639	0.684
rs1031825	chr20	A	C	0.3853	0.72
rs1523537	chr20	T	C	0.57699	0.558
rs445251	chr20	G	C	0.5412	0.88
rs221956	chr21	T	C	0.315034	0.418
rs2830795	chr21	A	G	0.725653	0.473
rs722098	chr21	A	G	0.704	0.494
rs914165	chr21	G	A	0.51635	0.642
rs1028528	chr22	A	G	0.73164	0.708
rs2040411	chr22	G	A	0.341394	0.679
rs733164	chr22	G	A	0.70328	0.816
rs987640	chr22	T	A	0.69188	0.94
rs4274013	chr1	70553127		0.55	0.51
rs2022858	chr1	102143021		0.57	0.52
rs7907488	chr10	4502420		0.52	0.47
rs2386626	chr10	5679690		0.69	0.56
rs1418407	chr10	10404171		0.5	0.49
rs4750494	chr10	14224894		0.51	0.5
rs9580523	chr13	23039303		0.47	0.51
rs12432727	chr14	21922329		0.49	0.54
rs1956467	chr14	30222500		0.57	0.51
rs28887925	chr15	23958244		0.43	0.51
rs6495751	chr15	35101266		0.48	0.47
rs266380	chr15	66940071		0.48	0.5
rs4786709	chr16	5560838		0.56	0.52
rs7205345	chr16	7470252		0.49	0.48
rs11642741	chr16	13794933		0.57	0.51
rs62062870	chr17	12262810		0.6	0.5
rs3744338	chr17	13312005		0.54	0.5
rs11869379	chr17	14748954		0.42	0.47
rs295886	chr17	36771531		0.55	0.54
rs9956753	chr18	2036120		0.55	0.5
rs11081448	chr18	8979485		0.47	0.51
rs9635999	chr18	30770506		0.47	0.43
rs1469328	chr18	38527404		0.51	0.5
rs8103778	chr19	4569797		0.47	0.53
rs8105430	chr19	49401772		0.45	0.53
rs1706868	chr2	2517487		0.44	0.52
rs6810064	chr3	902753		0.57	0.5
rs9872936	chr3	6438692		0.49	0.44
rs2048961	chr4	18859767		0.43	0.46
rs7668855	chr4	35892498		0.49	0.47
rs9392060	chr6	4678533		0.46	0.46
rs9378526	chr6	8204880		0.48	0.51
rs6967307	chr7	8861156		0.4	0.5
rs12112961	chr7	13764910		0.52	0.46
rs606056	chr7	17461458		0.5	0.51
rs2813838	chr7	24109673		0.52	0.5
rs4074183	chr8	2661919		0.44	0.48
rs2056665	chr8	5407541		0.52	0.5
rs1557004	chr9	6903191		0.4	0.51
rs10756250	chr9	11446771		0.48	0.48
rs4847034	chr1	A	G	0.347958	0.4645
rs7520386	chr1	G	A	0.45078	0.556
rs1872575	chr3	G	A	0.494008	0.465
rs7704770	chr5	G	A	0.399377	0.378
rs6955448	chr7	C	T	0.673495	0.6885
rs4288409	chr8	A	C	0.325675	0.4005
rs2016276	chr15	T	C	0.78997	0.607
rs2292972	chr17	T	C	0.62772	0.571
rs2831700	chr21	A	G	0.61431	0.476
rs1294331	chr1	233312667 	C	0.61158	0.737
rs13182883	chr5	137297649 	G	0.63249	0.549
rs1336071	chr6	93827537 	T	0.50498	0.526
rs2107612	chr12	779154 	G	0.280415	0.123
rs2399332	chr3	110582279 	T	0.35909	0.376
rs279844	chr4	46327638 	A	0.53129	0.446
rs2920816	chr12	40469250 	A	0.60288	0.653
rs4606077	chr8	143574584 	T	0.252463	0.252
rs763869	chr8	1427444 	G	0.491245	0.372
rs8037429	chr15	53324712 	C	0.48536	0.582
rs8078417	chr17	82504059 	C	0.72476	0.691
